{
  "project_info": {
    "project_number": "702670560181",
    "firebase_url": "https://realtime-494bb.firebaseio.com",
    "project_id": "realtime-494bb",
    "storage_bucket": "realtime-494bb.appspot.com"
  },
  "client": [
    {
      "client_info": {
        "mobilesdk_app_id": "1:702670560181:android:9aced9a71762aa0a9897fc",
        "android_client_info": {
          "package_name": "com.example.realtime"
        }
      },
      "oauth_client": [
        {
          "client_id": "702670560181-7bin5voamjhth9b1h9lhr7po3v21k8iv.apps.googleusercontent.com",
          "client_type": 3
        }
      ],
      "api_key": [
        {
          "current_key": "AIzaSyCJifWywMHm6xaf3GnG9btszx_g12p9yi4"
        }
      ],
      "services": {
        "appinvite_service": {
          "other_platform_oauth_client": [
            {
              "client_id": "702670560181-7bin5voamjhth9b1h9lhr7po3v21k8iv.apps.googleusercontent.com",
              "client_type": 3
            }
          ]
        }
      }
    }
  ],
  "configuration_version": "1"
}